"","X","start","stop","seq"
"1",1,1,66,"ATATAACCCAATAATTTGAAGTAACTGgcaggagcgaggtatccttcctgGTTACccggtactgca"
"14",14,557,562,"TAACGG"
"17",17,600,751,"cctgatccgcgagcttaacccgttttgagccgggcagcaggtagttgtgggtggaccccacgatttttttggccaaacctccaagctaacttgcgcaagtggcaagtggccggtttgctggcccaaaagaggaggcactatcccggtcctgg"
"16",16,593,599,"ACTTAGC"
"15",15,563,592,"actagcgaactgggttatttttttgcgccg"
"4",4,137,174,"GTTAATCCGTTTGCCATCAGCGAGATTATTAGTCAATT"
"3",3,74,136,"ggaacccgaaccgtaactgggacagatcgaaaagctggcctggtttctcgctgtgtgtgccgt"
"18",18,752,759,"TACAGTTG"
"13",13,530,556,"ggggcgcgcaggtccaggcaacgcaat"
"2",2,67,73,"TAACAAT"
"5",5,175,212,"gcagttgcagcgtttcgctttcgtcctcgtttcacttt"
"8",8,257,268,"GGTAACACGCTG"
"19",19,760,771,"gtacgctgggaa"
"10",10,386,423,"TGTTTGTTTGTTTgctgGGATTAGCCaagGGCTTGACT"
"7",7,248,256,"tcgcagttt"
"6",6,213,247,"CGAGTTAGACTTTATTGCAGCATCTTGAACAATCG"
"9",9,269,385,"tgccatactttcatttagacggAatcgagggaccctggactataatcgcacaacgagaccgggTTGCgaagtcagggcattccgccgatctagccatcgccatcttctgcgggcgtt"
"12",12,482,529,"TTCATTAGAAAGTCATAAAAACACATAATAATGATGTCGAAGGGATTA"
"11",11,424,481,"tggaatccaatcccgatccctagcccgatcccaatcccaatcccaatcccttgtcctt"
"20",20,772,898,"TGATTATATCATCATAATAAATGTTttgCCCAACGAAACcgaAAACTTTTCAAATTAAGTCccggcaactgggttcccattttccattttccatgttctgcgggcaggggcggccattatctcgcta"
